flybase_id	duplex	arm.name	start.pos	mir.type	UCount	seed	time	totalReads	average.ppm	avg.tc.pct	avg.tc.ppm
chr19:13947380-13947473	miR-23a	miR-23a-3p	45	mature	3	ATCACATT	0	4454.12537474587	4785.08719258214	0.04764425805410249	2.279819290147643
chr19:13947380-13947473	miR-23a	miR-23a-3p	45	mature	3	ATCACATT	24	5116.04901041841	4785.08719258214	0.23127950274817463	11.066925865070564
chr7:99691162-99691266	miR-25	miR-25-3p	52	mature	6	CATTGCAC	0	3305.68970322644	3128.86031843431	0.08047781925554277	2.518038551827964
chr7:99691162-99691266	miR-25	miR-25-3p	52	mature	6	CATTGCAC	24	2952.03093364218	3128.86031843431	0.5432822706488695	16.998543383421367
chr22:46509565-46509668	let-7b	let-7b-5p	6	mature	6	TGAGGTAG	0	3362.72786729188	2641.550307978045	0.09050754022962942	2.3908022076791293
chr22:46509565-46509668	let-7b	let-7b-5p	6	mature	6	TGAGGTAG	24	1920.37274866421	2641.550307978045	0.2082521905763677	5.501086381541066
chr3:49058030-49058142	miR-191	miR-191-5p	16	mature	1	CAACGGAA	0	2274.35893492101	2030.168510587305	0.4712158257390531	9.566475311058205
chr3:49058030-49058142	miR-191	miR-191-5p	16	mature	1	CAACGGAA	24	1785.9780862536	2030.168510587305	0.627334884048777	12.735955271887654
chr17:57918626-57918718	miR-21	miR-21-5p	8	mature	5	TAGCTTAT	0	1216.37670588411	1881.606066278865	0.11955263038080143	2.249509545641109
chr17:57918626-57918718	miR-21	miR-21-5p	8	mature	5	TAGCTTAT	24	2546.83542667362	1881.606066278865	0.3585741519175123	6.746952994587905
chr19:52196506-52196612	miR-125a	miR-125a-5p	15	mature	5	TCCCTGAG	0	307.097513428457	965.3226904703535	0.07253786302519832	0.7002244509645442
chr19:52196506-52196612	miR-125a	miR-125a-5p	15	mature	5	TCCCTGAG	24	1623.54786751225	965.3226904703535	0.18631664988202853	1.7985568974354265
chr12:62997465-62997569	let-7i	let-7i-5p	6	mature	7	TGAGGTAG	0	890.905836951391	767.1703563697515	0.0503589162071711	0.38633867693049906
chr12:62997465-62997569	let-7i	let-7i-5p	6	mature	7	TGAGGTAG	24	643.434875788112	767.1703563697515	0.23797586132880655	1.8256802634301907
chr3:52302273-52302377	let-7g	let-7g-5p	5	mature	7	TGAGGTAG	0	810.749549751458	714.3944944316454	0.04642135541698132	0.33163160733946095
chr3:52302273-52302377	let-7g	let-7g-5p	5	mature	7	TGAGGTAG	24	618.039439111833	714.3944944316454	0.20690576148782402	1.4781233687308863
chr7:99691370-99691470	miR-93	miR-93-5p	11	mature	5	CAAAGTGC	0	808.629547193274	660.532100063259	0.07767681542887765	0.5130803002146271
chr7:99691370-99691470	miR-93	miR-93-5p	11	mature	5	CAAAGTGC	24	512.434652933244	660.532100063259	0.49756381564196567	3.2865687206147585
chr9:96941115-96941222	let-7d	let-7d-5p	8	mature	4	AGAGGTAG	0	840.227680560501	656.5931293301605	0.12780932194113687	0.8391872265089702
chr9:96941115-96941222	let-7d	let-7d-5p	8	mature	4	AGAGGTAG	24	472.95857809982	656.5931293301605	0.18628654417375373	1.2231446499114615
chr13:92002858-92002962	miR-17	miR-17-5p	14	mature	4	CAAAGTGC	0	692.736074012515	588.127565365097	0.032868121281942324	0.19330648147673468
chr13:92002858-92002962	miR-17	miR-17-5p	14	mature	4	CAAAGTGC	24	483.519056717679	588.127565365097	0.4165562163619094	2.449881933666264
chr8:141742642-141742752	miR-151a	miR-151a-3p	47	mature	4	CTAGACTG	0	563.415917963253	576.7727603639435	0.14746216698071946	0.8505216109871832
chr8:141742642-141742752	miR-151a	miR-151a-3p	47	mature	4	CTAGACTG	24	590.129602764634	576.7727603639435	0.2910452139454155	1.678669514380118
chr9:97847489-97847606	miR-23b	miR-23b-3p	58	mature	3	ATCACATT	0	524.852061904848	521.9120769912405	0.026951222463466498	0.14066168493360778
chr9:97847489-97847606	miR-23b	miR-23b-3p	58	mature	3	ATCACATT	24	518.972092077633	521.9120769912405	0.2473056627109614	1.2907181207717304
chr19:13947233-13947331	miR-27a	miR-27a-3p	51	mature	5	TTCACAGT	0	300.939410759444	487.1478213157445	0.022625017669510347	0.11021728064932189
chr19:13947233-13947331	miR-27a	miR-27a-3p	51	mature	5	TTCACAGT	24	673.356231872045	487.1478213157445	0.3471294513372263	1.6910335593345953
chr21:17912147-17912251	let-7c	let-7c-5p	11	mature	6	TGAGGTAG	0	607.734066679589	460.8912927886715	0.06670562491305543	0.3074404170245433
chr21:17912147-17912251	let-7c	let-7c-5p	11	mature	6	TGAGGTAG	24	314.048518897754	460.8912927886715	0.18369599765121045	0.8466388583757114
chr6:72113233-72113324	miR-30a	miR-30a-3p	47	mature	7	CTTTCAGT	0	452.267212412717	460.852815486625	0.028072995519499343	0.1293751902430468
chr6:72113233-72113324	miR-30a	miR-30a-3p	47	mature	7	CTTTCAGT	24	469.438418560533	460.852815486625	0.4534810678966503	2.0898802691005263
chrX:151127029-151127130	miR-224	miR-224-5p	8	mature	5	CAAGTCAC	0	491.638688493289	453.5716170563075	0.13274926153205807	0.6021129721612626
chrX:151127029-151127130	miR-224	miR-224-5p	8	mature	5	CAAGTCAC	24	415.504545619326	453.5716170563075	0.5158392887954376	2.3397006036012225
chr14:100575991-100576110	miR-342	miR-342-3p	61	mature	3	TCTCACAC	0	445.503394727081	441.504468733473	0.06068033798138221	0.26790640383037734
chr14:100575991-100576110	miR-342	miR-342-3p	61	mature	3	TCTCACAC	24	437.505542739865	441.504468733473	0.09601758074607628	0.42392190976369754
chr13:92003144-92003246	miR-19a	miR-19a-3p	49	mature	5	TGTGCAAA	0	232.08980386983	420.1615421325395	0.026121050543395967	0.1097506087843526
chr13:92003144-92003246	miR-19a	miR-19a-3p	49	mature	5	TGTGCAAA	24	608.233280395249	420.1615421325395	0.4712631556457354	1.980066542263592
chrX:53583163-53583302	miR-98	miR-98-5p	22	mature	6	TGAGGTAG	0	465.69389528122	389.808347097714	0.05902881575845912	0.23009925101940443
chrX:53583163-53583302	miR-98	miR-98-5p	22	mature	6	TGAGGTAG	24	313.922798914208	389.808347097714	0.09178244591901565	0.35777563536276813
chr8:141742642-141742752	miR-151a	miR-151a-5p	11	star	3	TCGAGGAG	0	165.663057046712	387.1367486962995	0.07649974217882811	0.2961586146321668
chr8:141742642-141742752	miR-151a	miR-151a-5p	11	star	3	TCGAGGAG	24	608.610440345887	387.1367486962995	0.1299156788127368	0.5029513350023564
chr19:52196038-52196137	let-7e	let-7e-5p	8	mature	5	TGAGGTAG	0	488.004398393544	377.6425417061045	0.10399410523468285	0.3927259822327774
chr19:52196038-52196137	let-7e	let-7e-5p	8	mature	5	TGAGGTAG	24	267.280685018665	377.6425417061045	0.12581655040788287	0.47513681884727105
chr17:28444096-28444210	miR-423	miR-423-5p	17	mature	1	TGAGGGGC	0	470.438662911443	337.0525181279315	0.02145922746781116	0.07232886655105825
chr17:28444096-28444210	miR-423	miR-423-5p	17	mature	1	TGAGGGGC	24	203.66637334442	337.0525181279315	0.06172839506172839	0.20805710995551327
chr19:52195864-52195954	miR-99b	miR-99b-5p	7	mature	1	CACCCGTA	0	330.518494071258	322.032066517414	0.13814603308715365	0.44487452516239145
chr19:52195864-52195954	miR-99b	miR-99b-5p	7	mature	1	CACCCGTA	24	313.54563896357	322.032066517414	0.2616945514852934	0.8427403721115684
chrX:45605564-45605694	miR-221	miR-221-3p	65	mature	6	AGCTACAT	0	433.590999400139	319.257286290009	0.06241856845575661	0.19927582779292013
chrX:45605564-45605694	miR-221	miR-221-3p	65	mature	6	AGCTACAT	24	204.923573179879	319.257286290009	0.3484291021619208	1.1123852962067915
chr9:96941115-96941222	let-7d	let-7d-3p	62	star	4	CTATACGA	0	390.080470705969	312.21126001779896	0.08332778166195143	0.26015871707165894
chr9:96941115-96941222	let-7d	let-7d-3p	62	star	4	CTATACGA	24	234.342049329629	312.21126001779896	0.1295690385644402	0.4045291278949865
chr4:38869652-38869768	miR-574	miR-574-3p	61	mature	2	CACGCTCA	0	332.335639121131	308.5457009263405	0.060790273556231005	0.18756577563911275
chr4:38869652-38869768	miR-574	miR-574-3p	61	mature	2	CACGCTCA	24	284.75576273155	308.5457009263405	1.8784885860932035	5.795995774782577
chrX:73438361-73438453	miR-374b	miR-374b-5p	11	mature	4	ATATAATA	0	398.156670927624	292.1739832795795	0.21303190134878408	0.6224237918269666
chrX:73438361-73438453	miR-374b	miR-374b-5p	11	mature	4	ATATAATA	24	186.191295631535	292.1739832795795	0.24320674489479352	0.7105868341637236
chr1:155164967-155165083	miR-92b	miR-92b-3p	61	mature	5	TATTGCAC	0	259.548884623459	257.6316655779485	0.03898032234008147	0.10042565369240504
chr1:155164967-155165083	miR-92b	miR-92b-3p	61	mature	5	TATTGCAC	24	255.714446532438	257.6316655779485	0.3052010870899888	0.7862946440319434
chr9:21512093-21512184	miR-31	miR-31-5p	8	mature	2	AGGCAAGA	0	254.198401976612	211.6458899229495	0.13265944888424783	0.2807682711579466
chr9:21512093-21512184	miR-31	miR-31-5p	8	mature	2	AGGCAAGA	24	169.093377869287	211.6458899229495	1.4140250335002835	2.99272586588496
chr7:130561485-130561569	miR-29a	miR-29a-3p	42	mature	4	TAGCACCA	0	175.859259826552	210.38089388702002	0.07176484475514884	0.15097952189251435
chr7:130561485-130561569	miR-29a	miR-29a-3p	42	mature	4	TAGCACCA	24	244.902527947488	210.38089388702002	0.25698356314635346	0.5406443172900129
chrX:45606400-45606530	miR-222	miR-222-3p	69	mature	4	AGCTACAT	0	260.053647137313	208.35037331777602	0.07012146624420203	0.14609833669569322
chrX:45606400-45606530	miR-222	miR-222-3p	69	mature	4	AGCTACAT	24	156.647099498239	208.35037331777602	0.5141470958674346	1.0712273936423038
chr3:188406568-188406674	miR-28	miR-28-3p	54	mature	5	CACTAGAT	0	135.983021232127	189.311294737894	0.1488097213061396	0.28171361010050455
chr3:188406568-188406674	miR-28	miR-28-3p	54	mature	5	CACTAGAT	24	242.639568243661	189.311294737894	0.7980939948481992	1.510882074872507
chr3:49057560-49057667	miR-425	miR-425-5p	14	mature	3	AATGACAC	0	164.754484521776	177.5472698051635	0.16356158259752818	0.2903991243520287
chr3:49057560-49057667	miR-425	miR-425-5p	14	mature	3	AATGACAC	24	190.340055088551	177.5472698051635	0.1324357215591914	0.23513600787511263
chr9:86584642-86584772	miR-7	miR-7-3p	66	mature	3	CAACAAAT	0	182.219267501106	170.43894336804	0.258827879460159	0.4411435028937992
chr9:86584642-86584772	miR-7	miR-7-3p	66	mature	3	CAACAAAT	24	158.658619234974	170.43894336804	6.788166930797676	11.56967999091027
chr11:57408670-57408779	miR-130a	miR-130a-3p	55	mature	4	CAGTGCAA	0	200.693575508143	170.435678580932	0.012575452716297788	0.02143305817164638
chr11:57408670-57408779	miR-130a	miR-130a-3p	55	mature	4	CAGTGCAA	24	140.177781653721	170.435678580932	0.2922878034985658	0.49816270130208173
chr13:92003567-92003665	miR-92a	miR-92a-3p	48	mature	6	TATTGCAC	0	152.33732668098	168.132831304344	0.09946949602122016	0.16724087994463926
chr13:92003567-92003665	miR-92a	miR-92a-3p	48	mature	6	TATTGCAC	24	183.928335927708	168.132831304344	0.2961950330371383	0.4980010952281777
chr1:41220026-41220138	miR-30e	miR-30e-3p	59	mature	7	CTTTCAGT	0	121.445860833147	159.09881754127	0.0939776719489346	0.14951736482356873
chr1:41220026-41220138	miR-30e	miR-30e-3p	59	mature	7	CTTTCAGT	24	196.751774249393	159.09881754127	0.9867888855779746	1.5699694485832334
chr9:139565053-139565158	miR-126	miR-126-5p	15	mature	9	CATTATTA	0	109.634418008976	146.907096951888	0.11314196666387376	0.16621357866016984
chr9:139565053-139565158	miR-126	miR-126-5p	15	mature	9	CATTATTA	24	184.1797758948	146.907096951888	0.08445660800567464	0.12407275100517247
chr3:160122375-160122493	miR-15b	miR-15b-3p	58	mature	7	CGAATCAT	0	183.935460048208	131.12950489866375	0.17282280017400667	0.22662168222018195
chr3:160122375-160122493	miR-15b	miR-15b-3p	58	mature	7	CGAATCAT	24	78.3235497491195	131.12950489866375	0.5750389961649305	0.7540457886453195
chrX:133680623-133680741	miR-424	miR-424-5p	11	mature	4	CAGCAGCA	0	57.5429265792966	128.7817102004423	0.17595320016172017	0.22659554032067064
chrX:133680623-133680741	miR-424	miR-424-5p	11	mature	4	CAGCAGCA	24	200.020493821588	128.7817102004423	0.5033623456863421	0.6482386372799336
chr1:71533293-71533399	miR-186	miR-186-5p	15	mature	6	CAAAGAAT	0	114.883948153052	126.46224504324601	0.12608783765025827	0.15945351021899984
chr1:71533293-71533399	miR-186	miR-186-5p	15	mature	6	CAAAGAAT	24	138.04054193344	126.46224504324601	0.17146067429290723	0.2168330180770983
chr13:92003567-92003665	miR-92a	miR-92a-5p	11	star	5	AGGTTGGG	0	241.781244135817	125.1651015084704	0.02507667075810507	0.031387240409327125
chr13:92003567-92003665	miR-92a	miR-92a-5p	11	star	5	AGGTTGGG	24	8.5489588811238	125.1651015084704	22.265144863915715	27.868191169928092
chrX:53584132-53584235	let-7f	let-7f-5p	8	mature	6	TGAGGTAG	0	131.339206104675	122.9979155492855	0.03304328670558432	0.04064255387684288
chrX:53584132-53584235	let-7f	let-7f-5p	8	mature	6	TGAGGTAG	24	114.656624993896	122.9979155492855	0.20397850400891063	0.2508893080995758
chrX:133680623-133680741	miR-424	miR-424-3p	48	star	2	CAAAACGT	0	168.489727124291	107.94308046055485	0.030012004801920768	0.03239588249116292
chrX:133680623-133680741	miR-424	miR-424-3p	48	star	2	CAAAACGT	24	47.3964337968187	107.94308046055485	2.1220159151193636	2.290569346643074
chr22:46509565-46509668	let-7b	let-7b-3p	60	star	4	CTATACAA	0	124.474435916268	97.6902533180886	0.08115566509727094	0.07928117481550359
chr22:46509565-46509668	let-7b	let-7b-3p	60	star	4	CTATACAA	24	70.9060707199092	97.6902533180886	0.3549885161909089	0.34678918071702286
chr16:15737150-15737249	miR-484	miR-484-5p	8	mature	4	TCAGGCTC	0	90.2515374770021	94.21942231318995	0.2517404821492543	0.2371884280094665
chr16:15737150-15737249	miR-484	miR-484-5p	8	mature	4	TCAGGCTC	24	98.1873071493778	94.21942231318995	0.6082766998259956	0.5731147926417897
chr8:135812742-135812850	miR-30b	miR-30b-5p	17	mature	4	TGTAAACA	0	83.1848622830534	87.6688051111131	0	0
chr8:135812742-135812850	miR-30b	miR-30b-5p	17	mature	4	TGTAAACA	24	92.1527479391728	87.6688051111131	0.9916182639903253	0.8693398833038813
chr3:160122532-160122633	miR-16	miR-16-3p	52	mature	5	ACCAATAT	0	91.0591574991676	82.5541139038626	0.01866368047779022	0.015407636040287904
chr3:160122532-160122633	miR-16	miR-16-3p	52	mature	5	ACCAATAT	24	74.0490703085576	82.5541139038626	1.900621940298124	1.5690416014755166
chr22:20020661-20020763	miR-185	miR-185-5p	15	mature	2	TGGAGAGA	0	82.982957277512	79.01889372721854	0.4067033264113556	0.3213724692820518
chr22:20020661-20020763	miR-185	miR-185-5p	15	mature	2	TGGAGAGA	24	75.0548301769251	79.01889372721854	0.22371364653243847	0.1767760486067529
chr7:99691162-99691266	miR-25	miR-25-5p	14	star	2	AGGCGGAG	0	136.184926237669	77.58432187655285	0.0741839762611276	0.05755513492325879
chr7:99691162-99691266	miR-25	miR-25-5p	14	star	2	AGGCGGAG	24	18.9837175154367	77.58432187655285	12.251655629139071	9.505363938518064
chr9:97847726-97847843	miR-27b	miR-27b-3p	61	mature	5	TTCACAGT	0	62.2876942095193	76.0887412224326	0.05428881650380022	0.04130767710229783
chr9:97847726-97847843	miR-27b	miR-27b-3p	61	mature	5	TTCACAGT	24	89.8897882353459	76.0887412224326	0.18923031381893632	0.14398296379608758
chr17:28444096-28444210	miR-423	miR-423-3p	53	star	3	AGCTCGGT	0	86.617247377257	75.0529195339779	0.03885003885003885	0.029158088397038807
chr17:28444096-28444210	miR-423	miR-423-3p	53	star	3	AGCTCGGT	24	63.4885916906988	75.0529195339779	0.7912965209564434	0.5938911411486061
chr7:99691595-99691697	miR-106b	miR-106b-3p	52	mature	4	CCGCACTG	0	89.3429649520658	72.01557889727445	0.1140274414850686	0.08211752208722305
chr7:99691595-99691697	miR-106b	miR-106b-3p	52	mature	4	CCGCACTG	24	54.6881928424831	72.01557889727445	0.696722618519226	0.5017488270348697
chr12:95702195-95702309	miR-331	miR-331-3p	61	mature	3	GCCCCTGG	0	68.1429393702197	71.03314484761569	1	0.7103314484761569
chr12:95702195-95702309	miR-331	miR-331-3p	61	mature	3	GCCCCTGG	24	73.9233503250117	71.03314484761569	1.445578231292517	1.0268396789196144
chr5:149112387-149112473	miR-378a	miR-378a-3p	43	mature	4	ACTGGACT	0	97.0153551626387	69.50291483349105	0.05211048835592632	0.03621830834133574
chr5:149112387-149112473	miR-378a	miR-378a-3p	43	mature	4	ACTGGACT	24	41.9904745043434	69.50291483349105	2.7681204754669766	1.9239244165522402
chrX:53583163-53583302	miR-98	miR-98-3p	80	star	5	CTATACAA	0	46.7410087828322	68.0010985502242	0.062111801242236024	0.0422367071740523
chrX:53583163-53583302	miR-98	miR-98-3p	80	star	5	CTATACAA	24	89.2611883176162	68.0010985502242	0.020120724346076462	0.013682313591594409
chr13:92003004-92003095	miR-18a	miR-18a-3p	47	mature	4	ACTGCCCT	0	84.1943873107603	66.67545043861111	0.09673532886502673	0.06449871625402837
chr13:92003004-92003095	miR-18a	miR-18a-3p	47	mature	4	ACTGCCCT	24	49.1565135664619	66.67545043861111	0.10471204188481677	0.0698172255901687
chr11:122017209-122017301	let-7a	let-7a-5p	5	mature	6	TGAGGTAG	0	83.7905772996775	64.2105857292428	0.12048192771084339	0.07736215148101543
chr11:122017209-122017301	let-7a	let-7a-5p	5	mature	6	TGAGGTAG	24	44.6305941588081	64.2105857292428	0.12072434607645875	0.0775178097334923
chr17:1617176-1617281	miR-22	miR-22-3p	53	mature	3	AAGCTGCC	0	48.3562488271633	63.7799192305522	0.1443001443001443	0.09203451548420231
chr17:1617176-1617281	miR-22	miR-22-3p	53	mature	3	AAGCTGCC	24	79.2035896339411	63.7799192305522	0.9716209716209716	0.6196990709269623
chr7:130135951-130136065	miR-335	miR-335-5p	16	mature	2	TCAAGAGC	0	50.3752988825772	61.2064247271999	0	0
chr7:130135951-130136065	miR-335	miR-335-5p	16	mature	2	TCAAGAGC	24	72.0375505718226	61.2064247271999	0.4363001745200698	0.2670437379022683
chr11:75046115-75046230	miR-326	miR-326-5p	60	mature	5	CCTCTGGG	0	20.1905005541392	58.560303934028795	0.2	0.1171206078680576
chr11:75046115-75046230	miR-326	miR-326-5p	60	mature	5	CCTCTGGG	24	96.9301073139184	58.560303934028795	0.1298364411204878	0.07603261453728401
chr16:14397823-14397926	miR-193b	miR-193b-3p	51	mature	3	AACTGGCC	0	63.398171739997	54.76870285067815	0.10649627263045792	0.05832662710402358
chr16:14397823-14397926	miR-193b	miR-193b-3p	51	mature	3	AACTGGCC	24	46.1392339613593	54.76870285067815	0.273224043715847	0.14964126461933921
chr4:110409853-110409971	miR-576	miR-576-5p	16	mature	7	ATTCTAAT	0	66.9315093369713	54.712431887749204	0.07558591922746057	0.04135489457405349
chr4:110409853-110409971	miR-576	miR-576-5p	16	mature	7	ATTCTAAT	24	42.4933544385271	54.712431887749204	0.03698224852071006	0.02023388753245163
chrX:139006286-139006390	miR-505	miR-505-3p	52	mature	5	GTCAACAC	0	65.2153167898695	54.294355556609105	0.26499333158790234	0.14387642165363984
chrX:139006286-139006390	miR-505	miR-505-3p	52	mature	5	GTCAACAC	24	43.3733943233487	54.294355556609105	0.28913701695807753	0.15698508003299178
chr22:22007592-22007694	miR-130b	miR-130b-3p	51	mature	3	CAGTGCAA	0	71.9791344755061	53.27606497531955	0	0
chr22:22007592-22007694	miR-130b	miR-130b-3p	51	mature	3	CAGTGCAA	24	34.572995475133	53.27606497531955	0.36541236541236544	0.1946773292249439
chr9:116971713-116971829	miR-455	miR-455-3p	54	mature	3	GCAGTCCA	0	57.0381640654431	51.96585896403905	0.30973451327433627	0.1609562003310944
chr9:116971713-116971829	miR-455	miR-455-3p	54	mature	3	GCAGTCCA	24	46.893553862635	51.96585896403905	0.40214477211796246	0.20897798511007662
chr9:96938628-96938735	let-7f	let-7f-3p	63	star	6	CTATACAA	0	53.5048264684688	50.324910149097846	0.10843163580088755	0.05456812328999368
chr9:96938628-96938735	let-7f	let-7f-3p	63	star	6	CTATACAA	24	47.1449938297269	50.324910149097846	0.22897886427298192	0.11523340770580287
chr22:22007592-22007694	miR-130b	miR-130b-5p	13	star	7	ACTCTTTC	0	55.0191140100292	49.57341411732675	0.02621231979030144	0.012994341839404127
chr22:22007592-22007694	miR-130b	miR-130b-5p	13	star	7	ACTCTTTC	24	44.1277142246243	49.57341411732675	0.8562159024705075	0.4244554550701112
chrX:49777848-49777965	miR-660	miR-660-5p	16	mature	5	TACCCATT	0	52.1924439324497	46.27427932534795	0	0
chrX:49777848-49777965	miR-660	miR-660-5p	16	mature	5	TACCCATT	24	40.3561147182462	46.27427932534795	0.8099688473520248	0.3748072468719771
chr11:93466819-93466930	miR-1304	miR-1304-3p	53	mature	5	TCTCACTG	0	43.813386202482	45.9192099585152	0	0
chr11:93466819-93466930	miR-1304	miR-1304-3p	53	mature	5	TCTCACTG	24	48.0250337145484	45.9192099585152	0.5239724615574886	0.2406040147473835
chr3:188406568-188406674	miR-28	miR-28-5p	14	star	3	AAGGAGCT	0	15.7485904322285	44.207370460890395	0.4838709677419355	0.2139066312623729
chr3:188406568-188406674	miR-28	miR-28-5p	14	star	3	AAGGAGCT	24	72.6661504895523	44.207370460890395	1.3864818024263432	0.612927146771444
chr11:64658588-64658718	miR-192	miR-192-5p	25	mature	5	TGACCTAT	0	40.8857636221318	43.2610588246537	0.6923359002566923	0.29951184107424345
chr11:64658588-64658718	miR-192	miR-192-5p	25	mature	5	TGACCTAT	24	45.6363540271756	43.2610588246537	7.698664971392244	3.3305239819870076
chr17:57215098-57215233	miR-454	miR-454-3p	64	mature	7	TAGTGCAA	0	35.6362334780556	42.2706535387128	0.14276120896865502	0.06034609603081795
chr17:57215098-57215233	miR-454	miR-454-3p	64	mature	7	TAGTGCAA	24	48.90507359937	42.2706535387128	0.032133676092544985	0.013583114890331876
chr16:14397823-14397926	miR-193b	miR-193b-5p	14	star	4	CGGGGTTT	0	74.3010420392321	41.42500046017795	0	0
chr16:14397823-14397926	miR-193b	miR-193b-5p	14	star	4	CGGGGTTT	24	8.5489588811238	41.42500046017795	1.4705882352941175	0.609191183237911
chr3:160122375-160122493	miR-15b	miR-15b-5p	20	star	3	TAGCAGCA	0	35.4343284725142	41.163941167574606	0.05714285714285715	0.02352225209575692
chr3:160122375-160122493	miR-15b	miR-15b-5p	20	star	3	TAGCAGCA	24	46.893553862635	41.163941167574606	0.21621621621621623	0.08900311603799915
chr9:21512093-21512184	miR-31	miR-31-3p	44	star	5	TGCTATGC	0	51.8895864241377	39.58541142680315	0.03242542153047989	0.012835736519715675
chr9:21512093-21512184	miR-31	miR-31-3p	44	star	5	TGCTATGC	24	27.2812364294686	39.58541142680315	1.5360983102918586	0.6080708360492035
chr11:2017968-2018061	miR-675	miR-675-3p	45	mature	4	CTGTATGC	0	47.6495813077684	38.7226087040779	0.2141327623126338	0.08291779165755438
chr11:2017968-2018061	miR-675	miR-675-3p	45	mature	4	CTGTATGC	24	29.7956361003874	38.7226087040779	0	0
chr7:129414724-129414854	miR-183	miR-183-5p	27	mature	4	TATGGCAC	0	42.2990986609216	37.55600718320575	0.39882061303487154	0.14978109807948156
chr7:129414724-129414854	miR-183	miR-183-5p	27	mature	4	TATGGCAC	24	32.8129157054899	37.55600718320575	0.12795952451124865	0.04805648821704047
chr5:149112387-149112473	miR-378a	miR-378a-5p	5	star	4	CTCCTGAC	0	33.4152784171003	34.93703682271121	0	0
chr5:149112387-149112473	miR-378a	miR-378a-5p	5	star	4	CTCCTGAC	24	36.4587952283221	34.93703682271121	0.4827586206896552	0.16866155707515756
chr10:105153989-105154158	miR-1307	miR-1307-3p	80	mature	3	ACTCGGCG	0	51.3848239102842	34.17851084449295	0	0
chr10:105153989-105154158	miR-1307	miR-1307-3p	80	mature	3	ACTCGGCG	24	16.9721977787017	34.17851084449295	0.1851851851851852	0.06329353860091287
chr12:54427733-54427849	miR-615	miR-615-3p	61	mature	4	TCCGAGCC	0	29.9828933228967	33.849444193339096	0.16835016835016833	0.056985596285082644
chr12:54427733-54427849	miR-615	miR-615-3p	61	mature	4	TCCGAGCC	24	37.7159950637815	33.849444193339096	0.4166666666666667	0.14103935080557956
chr12:54730999-54731118	miR-148b	miR-148b-3p	63	mature	3	TCAGTGCA	0	38.6648085611765	33.60162241305225	0.13054830287206268	0.04386634779771834
chr12:54730999-54731118	miR-148b	miR-148b-3p	63	mature	3	TCAGTGCA	24	28.538436264928	33.60162241305225	0.3303964757709251	0.11101857625457791
chr21:17911408-17911509	miR-99a	miR-99a-5p	13	mature	3	AACCCGTA	0	15.1428754156044	31.52109457330345	0.33333333333333337	0.10507031524434485
chr21:17911408-17911509	miR-99a	miR-99a-5p	13	mature	3	AACCCGTA	24	47.8993137310025	31.52109457330345	0.3289473684210526	0.10368781109639291
chr13:92003318-92003409	miR-20a	miR-20a-3p	44	mature	4	ACTGCATT	0	45.2267212412717	31.35089947707855	1.9315849107637637	0.6055692436879649
chr13:92003318-92003409	miR-20a	miR-20a-3p	44	mature	4	ACTGCATT	24	17.4750777128854	31.35089947707855	6.375921160881513	1.9989086338857431
chrX:49767753-49767851	miR-532	miR-532-5p	20	mature	5	CATGCCTT	0	38.4629035556351	30.86055025581685	0	0
chrX:49767753-49767851	miR-532	miR-532-5p	20	mature	5	CATGCCTT	24	23.2581969559986	30.86055025581685	1.4172204991877122	0.4373620443875624
chr4:38869652-38869768	miR-574	miR-574-5p	25	star	7	TGAGTGTG	0	41.3905261359853	30.5642817763488	0.1395436223269796	0.04265050592894202
chr4:38869652-38869768	miR-574	miR-574-5p	25	star	7	TGAGTGTG	24	19.7380374167123	30.5642817763488	2.4888241341701707	0.7606912212855442
chr6:72113233-72113324	miR-30a	miR-30a-5p	6	star	4	TGTAAACA	0	35.9390909863677	29.6615039629561	0.1151768254283915	0.03416317863884938
chr6:72113233-72113324	miR-30a	miR-30a-5p	6	star	4	TGTAAACA	24	23.3839169395445	29.6615039629561	0.5506648048084513	0.16333546290086326
chrX:49767753-49767851	miR-532	miR-532-3p	57	star	1	CCTCCCAC	0	24.5314581732791	29.3007868571142	0.205761316872428	0.060289684891181486
chrX:49767753-49767851	miR-532	miR-532-3p	57	star	1	CCTCCCAC	24	34.0701155409493	29.3007868571142	2.5830258302583022	0.7568468929881895
chr2:241395417-241395526	miR-149	miR-149-5p	15	mature	7	TCTGGCTC	0	13.931445382356	28.4009798857605	0	0
chr2:241395417-241395526	miR-149	miR-149-5p	15	mature	7	TCTGGCTC	24	42.870514389165	28.4009798857605	0.2528445006321112	0.07181031576677749
chr17:11985215-11985333	miR-744	miR-744-5p	11	mature	3	TGCGGGGC	0	36.4438535002212	28.27952543378565	0.0925925925925926	0.026184745772023753
chr17:11985215-11985333	miR-744	miR-744-5p	11	mature	3	TGCGGGGC	24	20.1151973673501	28.27952543378565	0.4166666666666667	0.11783135597410688
chr7:27209078-27209182	miR-196b	miR-196b-5p	15	mature	8	TAGGTAGT	0	26.8533657370051	26.815861116145	0.08385863649021544	0.022487415495109065
chr7:27209078-27209182	miR-196b	miR-196b-5p	15	mature	8	TAGGTAGT	24	26.7783564952849	26.815861116145	0.05316321105794789	0.01425617284218235
chr16:69966983-69967103	miR-140	miR-140-3p	63	mature	1	ACCACAGG	0	33.0114684060175	25.9347329689541	0.3058103975535168	0.07931110999680153
chr16:69966983-69967103	miR-140	miR-140-3p	63	mature	1	ACCACAGG	24	18.8579975318907	25.9347329689541	1.3605442176870748	0.35285350978168845
chr13:92003318-92003409	miR-20a	miR-20a-5p	8	star	6	TAAAGTGC	0	28.0647957702534	25.2843364124882	0	0
chr13:92003318-92003409	miR-20a	miR-20a-5p	8	star	6	TAAAGTGC	24	22.503877054723	25.2843364124882	1.4095650208286241	0.3563991618190687
chrX:73507100-73507192	miR-374a	miR-374a-3p	42	mature	8	CTTATCAG	0	16.7581154599355	25.09981554157755	0.6024096385542169	0.15120370808179248
chrX:73507100-73507192	miR-374a	miR-374a-3p	42	mature	8	CTTATCAG	24	33.4415156232196	25.09981554157755	0.8398497673572153	0.2108007424330292
chr19:13947380-13947473	miR-23a	miR-23a-5p	9	star	4	GGGGTTCC	0	45.7314837551252	24.562961655432762	0.11037527593818984	0.027111436705775677
chr19:13947380-13947473	miR-23a	miR-23a-5p	9	star	4	GGGGTTCC	24	3.39443955574033	24.562961655432762	12.962962962962962	3.184087622000543
chr5:58999411-58999529	miR-582	miR-582-5p	16	mature	6	TTACAGTT	0	19.7866905430564	23.03108355207875	0.17006802721088435	0.0391685094423108
chr5:58999411-58999529	miR-582	miR-582-5p	16	mature	6	TTACAGTT	24	26.2754765611011	23.03108355207875	0.5620587142326273	0.12944821208665594
chrX:85158620-85158712	miR-361	miR-361-3p	45	mature	5	TCCCCCAG	0	24.0266956594256	22.07094651338785	0.49019607843137253	0.10819091428131297
chrX:85158620-85158712	miR-361	miR-361-3p	45	mature	5	TCCCCCAG	24	20.1151973673501	22.07094651338785	0.7377751350479722	0.1628339554455129
chr6:30552108-30552214	miR-877	miR-877-5p	1	mature	2	GTAGAGGA	0	28.7714632896483	21.991790649353398	0	0
chr6:30552108-30552214	miR-877	miR-877-5p	1	mature	2	GTAGAGGA	24	15.2121180090585	21.991790649353398	0.8264462809917356	0.18175033594506942
chr17:57918626-57918718	miR-21	miR-21-3p	46	star	2	CAACACCA	0	35.4343284725142	21.048743800224464	0	0
chr17:57918626-57918718	miR-21	miR-21-3p	46	star	2	CAACACCA	24	6.66315912793473	21.048743800224464	0	0
chr8:135817098-135817188	miR-30d	miR-30d-5p	6	mature	3	TGTAAACA	0	23.5219331455721	20.749945396320648	0.4291845493562232	0.08905555964086115
chr8:135817098-135817188	miR-30d	miR-30d-5p	6	mature	3	TGTAAACA	24	17.9779576470692	20.749945396320648	1.2311632029941888	0.2554656923608865
chrX:73507100-73507192	miR-374a	miR-374a-5p	12	star	5	TTATAATA	0	16.253352946082	20.510094852315902	0	0
chrX:73507100-73507192	miR-374a	miR-374a-5p	12	star	5	TTATAATA	24	24.7668367585498	20.510094852315902	0.08460236886632826	0.017352026101790104
chrX:133303680-133303796	miR-19b	miR-19b-3p	62	mature	4	TGTGCAAA	0	14.8400179072923	20.05486730001295	0.17006802721088435	0.03410691717689277
chrX:133303680-133303796	miR-19b	miR-19b-3p	62	mature	4	TGTGCAAA	24	25.2697166927336	20.05486730001295	0.24875621890547264	0.04988772960202227
chr8:22102458-22102550	miR-320a	miR-320a-3p	42	mature	3	AAAAGCTG	0	25.238125692674	19.47080194959065	0.13550135501355015	0.02638320047370007
chr8:22102458-22102550	miR-320a	miR-320a-3p	42	mature	3	AAAAGCTG	24	13.7034782065073	19.47080194959065	0.3058103975535168	0.05954373684890107
chr14:100774195-100774313	miR-345	miR-345-5p	18	mature	4	GCTGACTC	0	19.0800230236615	19.220450244867997	0	0
chr14:100774195-100774313	miR-345	miR-345-5p	18	mature	4	GCTGACTC	24	19.3608774660745	19.220450244867997	0	0
chr17:57228476-57228582	miR-301a	miR-301a-3p	51	mature	5	CAGTGCAA	0	12.5181103435663	19.08249349346885	0	0
chr17:57228476-57228582	miR-301a	miR-301a-3p	51	mature	5	CAGTGCAA	24	25.6468766433714	19.08249349346885	0.3284072249589491	0.06266828733487306
chr7:99691370-99691470	miR-93	miR-93-3p	50	star	3	ACTGCTGA	0	17.6666879848718	18.639502709019098	0.1142857142857143	0.021302288810307542
chr7:99691370-99691470	miR-93	miR-93-3p	50	star	3	ACTGCTGA	24	19.6123174331664	18.639502709019098	1.1596360628618694	0.21615039535190053
chr17:1617176-1617281	miR-22	miR-22-5p	15	star	5	AGTTCTTC	0	20.7962155707633	18.50704672409465	0.1941747572815534	0.035936013056494465
chr17:1617176-1617281	miR-22	miR-22-5p	15	star	5	AGTTCTTC	24	16.217877877426	18.50704672409465	2.1705426356589146	0.4017033397477908
chr15:70371690-70371807	miR-629	miR-629-5p	22	mature	6	TGGGTTTA	0	25.540983200986	17.92501092587645	0.06587615283267456	0.011808307592803984
chr15:70371690-70371807	miR-629	miR-629-5p	22	mature	6	TGGGTTTA	24	10.3090386507669	17.92501092587645	1.2195121951219512	0.21859769421800546
chr22:20073580-20073685	miR-1306	miR-1306-5p	15	mature	2	CCACCTCC	0	14.3352553934388	17.47666634748635	0.35211267605633806	0.061537557561571664
chr22:20073580-20073685	miR-1306	miR-1306-5p	15	mature	2	CCACCTCC	24	20.6180773015339	17.47666634748635	0	0
chr13:92002858-92002962	miR-17	miR-17-3p	51	star	2	ACTGCAGT	0	23.6228856483428	16.9031021577819	0.10869565217391304	0.018372937128023802
chr13:92002858-92002962	miR-17	miR-17-3p	51	star	2	ACTGCAGT	24	10.183318667221	16.9031021577819	0.30864197530864196	0.05217006838821574
chr3:49057560-49057667	miR-425	miR-425-3p	54	star	4	CATCGGGA	0	23.1181231344893	16.65072090085515	0.0881057268722467	0.014670238679167533
chr3:49057560-49057667	miR-425	miR-425-3p	54	star	4	CATCGGGA	24	10.183318667221	16.65072090085515	0	0
chr21:17911408-17911509	miR-99a	miR-99a-3p	50	star	5	CAAGCTCG	0	13.6285878740439	16.4947326700592	0	0
chr21:17911408-17911509	miR-99a	miR-99a-3p	50	star	5	CAAGCTCG	24	19.3608774660745	16.4947326700592	0.6493506493506493	0.10710865370168313
chr19:13947233-13947331	miR-27a	miR-27a-5p	10	star	5	AGGGCTTA	0	30.2857508312087	16.085775292198885	0.11148396718866518	0.017933060448797417
chr19:13947233-13947331	miR-27a	miR-27a-5p	10	star	5	AGGGCTTA	24	1.88579975318907	16.085775292198885	23.333333333333332	3.75334756817974
chr19:13947080-13947173	miR-24	miR-24-5p	12	star	4	GTGCCTAC	0	14.6381129017509	15.7422953484533	0	0
chr19:13947080-13947173	miR-24	miR-24-5p	12	star	4	GTGCCTAC	24	16.8464777951557	15.7422953484533	3.3582089552238807	0.5286591721495512
chr16:67236203-67236298	miR-328	miR-328-3p	48	mature	4	CTGGCCCT	0	12.4171578407956	15.26041773570535	0.1366120218579235	0.020847565212712228
chr16:67236203-67236298	miR-328	miR-328-3p	48	mature	4	CTGGCCCT	24	18.1036776306151	15.26041773570535	0.23148148148148145	0.03532504105487349
chr17:7126595-7126698	miR-324	miR-324-3p	51	mature	2	CCACTGCC	0	21.4019305873875	14.724004767163775	0	0
chr17:7126595-7126698	miR-324	miR-324-3p	51	mature	2	CCACTGCC	24	8.04607894694005	14.724004767163775	0.5208333333333333	0.07668752482897799
chr9:111808488-111808578	miR-32	miR-32-3p	47	mature	7	CAATTTAG	0	23.5219331455721	14.401086227250754	0.05411255411255411	0.007792795577516642
chr9:111808488-111808578	miR-32	miR-32-3p	47	mature	7	CAATTTAG	24	5.28023930892941	14.401086227250754	1.1977351916376304	0.17248687772186222
chrX:85158620-85158712	miR-361	miR-361-5p	6	star	5	TTATCAGA	0	13.5276353712732	14.118436723074002	0	0
chrX:85158620-85158712	miR-361	miR-361-5p	6	star	5	TTATCAGA	24	14.7092380748748	14.118436723074002	0.17094017094017097	0.024134079868502568
chrX:73438191-73438296	miR-421	miR-421-5p	48	mature	4	ATCAACAG	0	13.7295403768146	13.590789308115	0	0
chrX:73438191-73438296	miR-421	miR-421-5p	48	mature	4	ATCAACAG	24	13.4520382394154	13.590789308115	0.18867924528301888	0.025642998694556603
chr12:62997465-62997569	let-7i	let-7i-3p	62	star	3	CTGCGCAA	0	16.1524004433113	13.482159514131	0.15625	0.021065874240829688
chr12:62997465-62997569	let-7i	let-7i-3p	62	star	3	CTGCGCAA	24	10.8119185849507	13.482159514131	0.8823529411764706	0.11896023100703823
chrX:151128079-151128184	miR-452	miR-452-5p	14	mature	4	AACTGTTT	0	12.7200153491077	13.0231668024886	0	0
chrX:151128079-151128184	miR-452	miR-452-5p	14	mature	4	AACTGTTT	24	13.3263182558695	13.0231668024886	3.5377358490566038	0.46072524065407783
chr9:97848302-97848390	miR-24	miR-24-3p	44	mature	4	TGGCTCAG	0	11.60953781863	12.9079479796605	0	0
chr9:97848302-97848390	miR-24	miR-24-3p	44	mature	4	TGGCTCAG	24	14.206358140691	12.9079479796605	0.4424778761061947	0.05711481406929425
chr7:130562197-130562298	miR-29b	miR-29b-5p	10	mature	7	GCTGGTTT	0	24.4305056705084	12.718132769437954	0	0
chr7:130562197-130562298	miR-29b	miR-29b-5p	10	mature	7	GCTGGTTT	24	1.00575986836751	12.718132769437954	1.7857142857142856	0.22710951373996344
chr17:7126595-7126698	miR-324	miR-324-5p	16	star	2	CGCATCCC	0	14.0323978851267	12.29643825149275	0.5421749556876237	0.06666820864118683
chr17:7126595-7126698	miR-324	miR-324-5p	16	star	2	CGCATCCC	24	10.5604786178588	12.29643825149275	0.5952380952380952	0.07319308483031399
chr1:207975176-207975284	miR-29c	miR-29c-3p	54	mature	5	TAGCACCA	0	10.1962027798403	12.26414045203865	0	0
chr1:207975176-207975284	miR-29c	miR-29c-3p	54	mature	5	TAGCACCA	24	14.332078124237	12.26414045203865	0	0
chr22:31127543-31127648	miR-3200	miR-3200-3p	54	mature	4	CACCTTGC	0	16.3543054488527	12.263052189669345	0	0
chr22:31127543-31127648	miR-3200	miR-3200-3p	54	mature	4	CACCTTGC	24	8.17179893048599	12.263052189669345	0	0
chr11:122022916-122023016	miR-100	miR-100-5p	13	mature	2	AACCCGTA	0	5.65334015515897	12.004228876432986	0.5952380952380952	0.07145374331210111
chr11:122022916-122023016	miR-100	miR-100-5p	13	mature	2	AACCCGTA	24	18.355117597707	12.004228876432986	0.684931506849315	0.08222074572899306
chr1:155164967-155165083	miR-92b	miR-92b-5p	20	star	1	AGGGACGG	0	17.0609729682476	11.673486072772256	0	0
chr1:155164967-155165083	miR-92b	miR-92b-5p	20	star	1	AGGGACGG	24	6.28599917729691	11.673486072772256	6.122448979591836	0.7147032289452402
chr19:52195864-52195954	miR-99b	miR-99b-3p	45	star	5	CAAGCTCG	0	16.1524004433113	11.65921975271489	0	0
chr19:52195864-52195954	miR-99b	miR-99b-3p	45	star	5	CAAGCTCG	24	7.16603906211848	11.65921975271489	0	0
chrX:139006286-139006390	miR-505	miR-505-5p	15	star	2	GGGAGCCA	0	13.4266828685025	11.302120833677995	0	0
chrX:139006286-139006390	miR-505	miR-505-5p	15	star	2	GGGAGCCA	24	9.17755879885349	11.302120833677995	0.45662100456621	0.051607857688027364
chr7:129410202-129410332	miR-182	miR-182-5p	23	mature	5	TTTGGCAA	0	12.0133478297128	10.784033289602053	0.4273504273504274	0.04608561234872673
chr7:129410202-129410332	miR-182	miR-182-5p	23	mature	5	TTTGGCAA	24	9.55471874949131	10.784033289602053	0	0
chr19:46142231-46142345	miR-330	miR-330-5p	18	mature	6	TCTCTGGG	0	8.88382024382123	10.727909299207514	0.28572361546499475	0.030652170313501093
chr19:46142231-46142345	miR-330	miR-330-5p	18	mature	6	TCTCTGGG	24	12.5719983545938	10.727909299207514	0.125	0.013409886624009392
chr9:97847726-97847843	miR-27b	miR-27b-5p	19	star	5	AGAGCTTA	0	19.4838330347443	10.621956402193721	0.8818342151675485	0.09366804587472416
chr9:97847726-97847843	miR-27b	miR-27b-5p	19	star	5	AGAGCTTA	24	1.76007976964314	10.621956402193721	4.945054945054945	0.525261580328261
chr19:46142231-46142345	miR-330	miR-330-3p	58	star	1	CAAAGCAC	0	10.3981077853817	10.2278532345284	0	0
chr19:46142231-46142345	miR-330	miR-330-3p	58	star	1	CAAAGCAC	24	10.0575986836751	10.2278532345284	0	0
chr17:46709831-46709921	miR-196a	miR-196a-5p	7	mature	8	TAGGTAGT	0	13.4266828685025	9.982061006445644	0	0
chr17:46709831-46709921	miR-196a	miR-196a-5p	7	mature	8	TAGGTAGT	24	6.53743914438879	9.982061006445644	0.6452153510977041	0.06440578996952528
chr15:70371690-70371807	miR-629	miR-629-3p	61	star	4	GTTCTCCC	0	11.60953781863	9.953528366330964	0	0
chr15:70371690-70371807	miR-629	miR-629-3p	61	star	4	GTTCTCCC	24	8.29751891403193	9.953528366330964	1.520979020979021	0.15139107829908985
chr6:72086642-72086734	miR-30c	miR-30c-3p	47	mature	4	CTGGGAGA	0	12.0133478297128	9.77827342123455	0.3361344537815126	0.032868145953729576
chr6:72086642-72086734	miR-30c	miR-30c-3p	47	mature	4	CTGGGAGA	24	7.5431990127563	9.77827342123455	0.3333333333333333	0.0325942447374485
chr1:9211706-9211836	miR-34a	miR-34a-5p	22	mature	6	TGGCAGTG	0	9.5904877632161	8.818283355078075	0	0
chr1:9211706-9211836	miR-34a	miR-34a-5p	22	mature	6	TGGCAGTG	24	8.04607894694005	8.818283355078075	1.3020833333333335	0.11482139785257911
chr11:2017968-2018061	miR-675	miR-675-5p	10	star	2	TGGTGCGG	0	13.8304928795853	8.738186201208755	0	0
chr11:2017968-2018061	miR-675	miR-675-5p	10	star	2	TGGTGCGG	24	3.64587952283221	8.738186201208755	0	0
chr5:179442282-179442397	miR-340	miR-340-3p	58	mature	7	TCCGTCTC	0	8.58096273550915	8.25066084945163	0.14705882352941177	0.012133324778605339
chr5:179442282-179442397	miR-340	miR-340-3p	58	mature	7	TCCGTCTC	24	7.92035896339411	8.25066084945163	0	0
chr16:69966983-69967103	miR-140	miR-140-5p	23	star	6	CAGTGGTT	0	7.36953270226079	8.21068575878417	0	0
chr16:69966983-69967103	miR-140	miR-140-5p	23	star	6	CAGTGGTT	24	9.05183881530755	8.21068575878417	7.142857142857142	0.5864775541988692
chr10:104196268-104196361	miR-146b	miR-146b-5p	9	mature	4	TGAGAACT	0	5.95619766347105	8.195478148891976	0	0
chr10:104196268-104196361	miR-146b	miR-146b-5p	9	mature	4	TGAGAACT	24	10.4347586343129	8.195478148891976	3.4028798119306494	0.27888227141983274
chr1:162312335-162312450	miR-556	miR-556-3p	55	mature	6	ATATTACC	0	9.5904877632161	7.561083519618689	0.1519756838905775	0.01149100838847825
chr1:162312335-162312450	miR-556	miR-556-3p	55	mature	6	ATATTACC	24	5.53167927602128	7.561083519618689	0	0
chr2:219267368-219267465	miR-26b	miR-26b-5p	12	mature	5	TTCAAGTA	0	7.1676276967194	7.481133338283785	0	0
chr2:219267368-219267465	miR-26b	miR-26b-5p	12	mature	5	TTCAAGTA	24	7.79463897984817	7.481133338283785	0	0
chr2:136422966-136423068	miR-128	miR-128-3p	50	mature	3	TCACAGTG	0	7.77334271334358	7.46969088773103	0	0
chr2:136422966-136423068	miR-128	miR-128-3p	50	mature	3	TCACAGTG	24	7.16603906211848	7.46969088773103	0	0
chr19:52196506-52196612	miR-125a	miR-125a-3p	53	star	5	ACAGGTGA	0	10.8019177964645	7.349618643194295	0.5660377358490566	0.041601614961477136
chr19:52196506-52196612	miR-125a	miR-125a-3p	53	star	5	ACAGGTGA	24	3.89731948992409	7.349618643194295	2	0.1469923728638859
chr20:57392649-57392749	miR-296	miR-296-5p	13	mature	1	GAGGGCCC	0	0.706667519394871	6.827912912313236	0	0
chr20:57392649-57392749	miR-296	miR-296-5p	13	mature	1	GAGGGCCC	24	12.9491583052316	6.827912912313236	0	0
chrX:151561872-151562001	miR-767	miR-767-5p	27	mature	6	TGCACCAT	0	7.87429521611427	6.64012725429481	0	0
chrX:151561872-151562001	miR-767	miR-767-5p	27	mature	6	TGCACCAT	24	5.40595929247535	6.64012725429481	0	0
chrX:137749851-137749954	miR-504	miR-504-5p	14	mature	4	GACCCTGG	0	8.78286774105054	6.46581359903325	1.15744453354718	0.07483820605136053
chrX:137749851-137749954	miR-504	miR-504-5p	14	mature	4	GACCCTGG	24	4.14875945701596	6.46581359903325	0	0
chr13:92003004-92003095	miR-18a	miR-18a-5p	6	star	5	TAAGGTGC	0	4.54286262468131	6.043030818718805	0	0
chr13:92003004-92003095	miR-18a	miR-18a-5p	6	star	5	TAAGGTGC	24	7.5431990127563	6.043030818718805	0.6779661016949152	0.04096970046589019
chr7:73605527-73605644	miR-590	miR-590-3p	55	mature	8	GTAATTTT	0	3.83619510528644	5.878277034340275	0	0
chr7:73605527-73605644	miR-590	miR-590-3p	55	mature	8	GTAATTTT	24	7.92035896339411	5.878277034340275	0	0
chr6:33967728-33967828	miR-1275	miR-1275-5p	18	mature	3	GTGGGGGA	0	7.57143770780219	5.67151860709017	4.2195121951219505	0.2393104192747803
chr6:33967728-33967828	miR-1275	miR-1275-5p	18	mature	3	GTGGGGGA	24	3.77159950637815	5.67151860709017	7.5	0.4253638955317628
chr8:135812742-135812850	miR-30b	miR-30b-3p	55	star	5	CTGGGAGG	0	7.1676276967194	5.09245365091096	0	0
chr8:135812742-135812850	miR-30b	miR-30b-3p	55	star	5	CTGGGAGG	24	3.01727960510252	5.09245365091096	0.6944444444444444	0.03536426146465944
chr7:130561485-130561569	miR-29a	miR-29a-5p	4	star	9	ACTGATTT	0	4.34095761913992	4.747738472261695	0	0
chr7:130561485-130561569	miR-29a	miR-29a-5p	4	star	9	ACTGATTT	24	5.15451932538347	4.747738472261695	0.4878048780487805	0.023159699864691193
chr14:100575735-100575851	miR-151b	miR-151b-5p	60	mature	3	TCGAGGAG	0	1.91809755264322	4.60492829915382	0	0
chr14:100575735-100575851	miR-151b	miR-151b-5p	60	mature	3	TCGAGGAG	24	7.29175904566442	4.60492829915382	0.43103448275862066	0.019848828875663017
chr10:91352483-91352584	miR-107	miR-107-5p	50	mature	3	AGCAGCAT	0	4.03810011082783	4.596309718105649	0	0
chr10:91352483-91352584	miR-107	miR-107-5p	50	mature	3	AGCAGCAT	24	5.15451932538347	4.596309718105649	0	0
chr15:63116155-63116260	miR-190a	miR-190a-5p	15	mature	8	TGATATGT	0	6.05715016624175	4.537214885672135	0	0
chr15:63116155-63116260	miR-190a	miR-190a-5p	15	mature	8	TGATATGT	24	3.01727960510252	4.537214885672135	1.6666666666666667	0.07562024809453559
chrX:137749851-137749954	miR-504	miR-504-3p	50	star	1	GGGAGTGC	0	4.8457201329934	4.43437980323171	0	0
chrX:137749851-137749954	miR-504	miR-504-3p	50	star	1	GGGAGTGC	24	4.02303947347002	4.43437980323171	3.1754032258064515	0.1408094393163295
chr19:13947080-13947173	miR-24	miR-24-3p	50	mature	4	TGGCTCAG	0	2.92762258035018	4.22965092818573	0	0
chr19:13947080-13947173	miR-24	miR-24-3p	50	mature	4	TGGCTCAG	24	5.53167927602128	4.22965092818573	0	0
chr7:99691595-99691697	miR-106b	miR-106b-5p	12	star	4	TAAAGTGC	0	4.54286262468131	4.2200910573026995	0	0
chr7:99691595-99691697	miR-106b	miR-106b-5p	12	star	4	TAAAGTGC	24	3.89731948992409	4.2200910573026995	2.4193548387096775	0.10209897719280725
chr8:135817098-135817188	miR-30d	miR-30d-3p	46	star	7	CTTTCAGT	0	5.95619766347105	4.17243867542194	0	0
chr8:135817098-135817188	miR-30d	miR-30d-3p	46	star	7	CTTTCAGT	24	2.38867968737283	4.17243867542194	1.3157894736842104	0.054900508887130786
chr9:111808488-111808578	miR-32	miR-32-5p	6	star	6	TATTGCAC	0	2.92762258035018	4.041070952866825	0	0
chr9:111808488-111808578	miR-32	miR-32-5p	6	star	6	TATTGCAC	24	5.15451932538347	4.041070952866825	0.34843205574912894	0.014080386595354792
chr11:61582612-61582712	miR-1908	miR-1908-5p	12	mature	1	CGGCGGGG	0	4.64381512745201	3.8305473662772647	0	0
chr11:61582612-61582712	miR-1908	miR-1908-5p	12	mature	1	CGGCGGGG	24	3.01727960510252	3.8305473662772647	0	0
chr16:2321747-2321861	miR-940	miR-940-5p	60	mature	0	AAGGCAGG	0	4.24000511636922	3.6286423607358698	4.761904761904762	0.17279249336837474
chr16:2321747-2321861	miR-940	miR-940-5p	60	mature	0	AAGGCAGG	24	3.01727960510252	3.6286423607358698	4.166666666666666	0.15119343169732788
chr8:22102458-22102550	miR-320a	miR-320a-5p	10	star	6	GCCTTCTC	0	6.15810266901245	3.58193126868998	0	0
chr8:22102458-22102550	miR-320a	miR-320a-5p	10	star	6	GCCTTCTC	24	1.00575986836751	3.58193126868998	14.285714285714285	0.5117044669557114
chrX:49773038-49773142	miR-500a	miR-500a-3p	51	mature	2	AATGCACC	0	1.61524004433113	3.55057475907069	43.75	1.553376457093427
chrX:49773038-49773142	miR-500a	miR-500a-3p	51	mature	2	AATGCACC	24	2.6401196544647	3.55057475907069	35.714285714285715	1.268062413953818
chr17:29887014-29887122	miR-193a	miR-193a-5p	21	mature	5	TGGGTCTT	0	5.45143514961757	3.542897467857385	0	0
chr17:29887014-29887122	miR-193a	miR-193a-5p	21	mature	5	TGGGTCTT	24	1.6343597860972	3.542897467857385	0	0
chr19:46178185-46178302	miR-642a	miR-642a-5p	16	mature	5	GTCCCTCT	0	3.12952758589157	3.51342353790783	0	0
chr19:46178185-46178302	miR-642a	miR-642a-5p	16	mature	5	GTCCCTCT	24	3.89731948992409	3.51342353790783	0	0
chr1:94312387-94312487	miR-760	miR-760-5p	49	mature	5	CGGCTCTG	0	4.03810011082783	3.401969874419235	0.5	0.017009849372096174
chr1:94312387-94312487	miR-760	miR-760-5p	49	mature	5	CGGCTCTG	24	2.76583963801064	3.401969874419235	0	0
chr11:121970444-121970552	miR-125b	miR-125b-5p	15	mature	3	TCCCTGAG	0	1.61524004433113	3.070579725992455	0	0
chr11:121970444-121970552	miR-125b	miR-125b-5p	15	mature	3	TCCCTGAG	24	4.52591940765378	3.070579725992455	1.126984126984127	0.03460494611832767
chr20:3898140-3898238	miR-103a	miR-103a-3p	48	mature	3	AGCAGCAT	0	2.321907563726	3.046753535052075	0	0
chr20:3898140-3898238	miR-103a	miR-103a-3p	48	mature	3	AGCAGCAT	24	3.77159950637815	3.046753535052075	0	0
chrX:49768108-49768214	miR-188	miR-188-5p	15	mature	5	CATCCCTT	0	3.33143259143296	2.9229161311758647	0	0
chrX:49768108-49768214	miR-188	miR-188-5p	15	mature	5	CATCCCTT	24	2.51439967091877	2.9229161311758647	6.000000000000001	0.1753749678705519
chr7:1062548-1062662	miR-339	miR-339-3p	50	mature	2	TGAGCGCC	0	2.321907563726	2.795313567960195	0	0
chr7:1062548-1062662	miR-339	miR-339-3p	50	mature	2	TGAGCGCC	24	3.26871957219439	2.795313567960195	0	0
chr7:130135951-130136065	miR-335	miR-335-3p	51	star	10	GTTTTTCA	0	1.91809755264322	2.719128545964745	0	0
chr7:130135951-130136065	miR-335	miR-335-3p	51	star	10	GTTTTTCA	24	3.52015953928627	2.719128545964745	0	0
chr1:207975176-207975284	miR-29c	miR-29c-5p	16	star	6	TGACCGAT	0	3.23048008866227	2.62099991269864	0	0
chr1:207975176-207975284	miR-29c	miR-29c-5p	16	star	6	TGACCGAT	24	2.01151973673501	2.62099991269864	0	0
chr1:198828152-198828282	miR-181a	miR-181a-5p	24	mature	4	AACATTCA	0	2.72571757480879	2.62005862286378	0	0
chr1:198828152-198828282	miR-181a	miR-181a-5p	24	mature	4	AACATTCA	24	2.51439967091877	2.62005862286378	9.078947368421053	0.23787374339158002
chr11:568068-568198	miR-210	miR-210-3p	66	mature	4	CTGTGCGT	0	3.73524260251575	2.4333612272145952	0	0
chr11:568068-568198	miR-210	miR-210-3p	66	mature	4	CTGTGCGT	24	1.13147985191344	2.4333612272145952	0	0
chr5:136983240-136983338	miR-874	miR-874-3p	47	mature	2	CTGCCCTG	0	3.02857508312088	2.26860744283607	0	0
chr5:136983240-136983338	miR-874	miR-874-3p	47	mature	2	CTGCCCTG	24	1.50863980255126	2.26860744283607	4.166666666666666	0.09452531011816957
chr20:57392649-57392749	miR-296	miR-296-3p	48	star	3	GAGGGTTG	0	2.5238125692674	1.701926227044484	0	0
chr20:57392649-57392749	miR-296	miR-296-3p	48	star	3	GAGGGTTG	24	0.880039884821568	1.701926227044484	0	0
chr9:86584642-86584772	miR-7	miR-7-5p	24	star	5	TGGAAGAC	0	1.11047753047765	1.6867186171522701	0	0
chr9:86584642-86584772	miR-7	miR-7-5p	24	star	5	TGGAAGAC	24	2.26295970382689	1.6867186171522701	7.142857142857142	0.12047990122516214
chrX:133304207-133304308	miR-106a	miR-106a-5p	13	mature	4	AAAAGTGC	0	2.01905005541392	1.6381249454366502	0	0
chrX:133304207-133304308	miR-106a	miR-106a-5p	13	mature	4	AAAAGTGC	24	1.25719983545938	1.6381249454366502	5	0.08190624727183252
chr14:104583741-104583871	miR-203a	miR-203a-3p	65	mature	5	GTGAAATG	0	1.51428754156044	1.51146367205585	0	0
chr14:104583741-104583871	miR-203a	miR-203a-3p	65	mature	5	GTGAAATG	24	1.50863980255126	1.51146367205585	1.6666666666666667	0.02519106120093084
chr7:1062548-1062662	miR-339	miR-339-5p	9	star	5	CCGCTCTC	0	0.908572524936263	1.197163713191003	20	0.23943274263820058
chr7:1062548-1062662	miR-339	miR-339-5p	9	star	5	CCGCTCTC	24	0.377159950637815	1.197163713191003	20	0.23943274263820058
chrX:49779205-49779311	miR-502	miR-502-3p	52	mature	2	AATGCACC	0	1.41333503878974	1.083827470032685	0	0
chrX:49779205-49779311	miR-502	miR-502-3p	52	mature	2	AATGCACC	24	0.75431990127563	1.083827470032685	0	0
chr17:29887014-29887122	miR-193a	miR-193a-3p	3	star	2	AGGATGGG	0	1.00952502770696	0.9704912268743695	0	0
chr17:29887014-29887122	miR-193a	miR-193a-3p	3	star	2	AGGATGGG	24	0.502879934183753	0.9704912268743695	0	0
chr1:207975767-207975868	miR-29b	miR-29b-3p	52	star	5	TAGCACCA	0	1.21143003324835	0.7942949919430825	0	0
chr1:207975767-207975868	miR-29b	miR-29b-3p	52	star	5	TAGCACCA	24	0.377159950637815	0.7942949919430825	0	0
chr17:8090262-8090342	miR-4521	miR-4521-5p	4	mature	4	GCTAAGGA	0	0.403810011082783	0.6924011993375235	0	0
chr17:8090262-8090342	miR-4521	miR-4521-5p	4	mature	4	GCTAAGGA	24	0.377159950637815	0.6924011993375235	8.333333333333332	0.057700099944793616
chr13:50623088-50623197	miR-16	miR-16-5p	14	star	3	TAGCAGCA	0	0.302857508312088	0.654308688339799	0	0
chr13:50623088-50623197	miR-16	miR-16-5p	14	star	3	TAGCAGCA	24	1.00575986836751	0.654308688339799	2.5	0.016357717208494976
chr11:64658806-64658911	miR-194	miR-194-5p	15	mature	3	TGTAACAG	0	0.504762513853479	0.566681215791585	0	0
chr11:64658806-64658911	miR-194	miR-194-5p	15	mature	3	TGTAACAG	24	0.628599917729691	0.566681215791585	2.5	0.014167030394789625
chr9:4850296-4850395	miR-101	miR-101-3p	56	mature	4	CTGTGATA	0	0.100952502770696	0.54097244518148	0	0
chr9:4850296-4850395	miR-101	miR-101-3p	56	mature	4	CTGTGATA	24	0.75431990127563	0.54097244518148	0	0
chr22:46508628-46508722	let-7a	let-7a-3p	52	star	6	CTATACAA	0	0.302857508312088	0.5038212240186171	0	0
chr22:46508628-46508722	let-7a	let-7a-3p	52	star	6	CTATACAA	24	0.251439967091877	0.5038212240186171	0	0
chrX:109298556-109298674	miR-652	miR-652-5p	21	mature	1	CAACCCTA	0	0.605715016624175	0.4790537432433736	0	0
chrX:109298556-109298674	miR-652	miR-652-5p	21	mature	1	CAACCCTA	24	0.125719983545938	0.4790537432433736	0	0
chr9:96938238-96938338	let-7a	let-7a-3p	57	star	6	CTATACAA	0	0.302857508312088	0.46572871302088953	0	0
chr9:96938238-96938338	let-7a	let-7a-3p	57	star	6	CTATACAA	24	0.628599917729691	0.46572871302088953	0	0
chr3:160122532-160122633	miR-16	miR-16-5p	10	star	3	TAGCAGCA	0	0.403810011082783	0.453344972633268	0	0
chr3:160122532-160122633	miR-16	miR-16-5p	10	star	3	TAGCAGCA	24	0.502879934183753	0.453344972633268	0	0
chr1:94312387-94312487	miR-760	miR-760-3p	10	star	2	CCCCCCTC	0	0.100952502770696	0.3647762102501935	0	0
chr1:94312387-94312487	miR-760	miR-760-3p	10	star	2	CCCCCCTC	24	0.628599917729691	0.3647762102501935	0	0
chr1:65524096-65524191	miR-101	miR-101-5p	10	star	5	TCAGTTAT	0	0.100952502770696	0.3019162184772245	0	0
chr1:65524096-65524191	miR-101	miR-101-5p	10	star	5	TCAGTTAT	24	0.502879934183753	0.3019162184772245	20.833333333333336	0.06289921218275511
chr14:65937819-65937924	miR-625	miR-625-5p	15	mature	4	AGGGGGAA	0	0.302857508312088	0.2771487377019825	0	0
chr14:65937819-65937924	miR-625	miR-625-5p	15	mature	4	AGGGGGAA	24	0.251439967091877	0.2771487377019825	0	0
chr1:172113654-172113784	miR-199a	miR-199a-3p	70	mature	4	ACAGTAGT	0	0.403810011082783	0.26476499731436054	0	0
chr1:172113654-172113784	miR-199a	miR-199a-3p	70	mature	4	ACAGTAGT	24	0.125719983545938	0.26476499731436054	0	0
chr1:220291478-220291583	miR-194	miR-194-5p	15	mature	3	TGTAACAG	0	0.100952502770696	0.2390562267042555	0	0
chr17:46657179-46657309	miR-10a	miR-10a-5p	23	mature	3	ACCCTGTA	0	0.100952502770696	0.2390562267042555	0	0
chr1:220291478-220291583	miR-194	miR-194-5p	15	mature	3	TGTAACAG	24	0.377159950637815	0.2390562267042555	2.5	0.0059764056676063874
chr17:46657179-46657309	miR-10a	miR-10a-5p	23	mature	3	ACCCTGTA	24	0.377159950637815	0.2390562267042555	6.666666666666667	0.0159370817802837
chr17:65467604-65467721	miR-548aa	miR-548aa-5p	51	mature	2	TGGCAAAA	0	0.100952502770696	0.1761962349312865	0	0
chr19:10928081-10928172	miR-199a	miR-199a-5p	6	star	4	CCCAGTGT	0	0.100952502770696	0.1761962349312865	0	0
chr17:65467604-65467721	miR-548aa	miR-548aa-5p	51	mature	2	TGGCAAAA	24	0.251439967091877	0.1761962349312865	0	0
chr19:10928081-10928172	miR-199a	miR-199a-5p	6	star	4	CCCAGTGT	24	0.251439967091877	0.1761962349312865	25	0.044049058732821625
chr1:224444721-224444812	miR-320b	miR-320b-5p	41	mature	3	AAAAGCTG	0	0.201905005541392	0.163812494543665	0	0
chr1:224444721-224444812	miR-320b	miR-320b-5p	41	mature	3	AAAAGCTG	24	0.125719983545938	0.163812494543665	0	0
chr11:75046115-75046230	miR-326	miR-326-3p	7	star	6	TGTCTGTT	0	0.100952502770696	0.113336243158317	16.666666666666664	0.018889373859719498
chr14:100575991-100576110	miR-342	miR-342-5p	7	star	2	GGGCTCAA	0	0.100952502770696	0.113336243158317	33.33333333333333	0.037778747719438996
chr11:75046115-75046230	miR-326	miR-326-3p	7	star	6	TGTCTGTT	24	0.125719983545938	0.113336243158317	16.666666666666664	0.018889373859719498
chr14:100575991-100576110	miR-342	miR-342-5p	7	star	2	GGGCTCAA	24	0.125719983545938	0.113336243158317	0	0
